{"accuracy": 0.8233493598691455, "loss": 0.24781886227570205, "_timestamp": 1703066129.9259582, "_runtime": 7.050913095474243, "_step": 7, "_wandb": {"runtime": 5}}