{"accuracy": 0.789199732413177, "loss": 0.15695766405807854, "_timestamp": 1703066230.1451457, "_runtime": 7.106154680252075, "_step": 7}